{"Root Mean Squared Error":{"Polynomial Regression":30.763014726,"LASSO":31.1731971995,"Linear Regression":31.1668641342,"Decision Tree Regression":33.2422587121,"Random Forest Regression":29.9910658824},"Mean Absolute Error":{"Polynomial Regression":23.6955916691,"LASSO":24.9999530091,"Linear Regression":24.9844041113,"Decision Tree Regression":25.8605258028,"Random Forest Regression":24.059973838},"R^2":{"Polynomial Regression":0.4519776855,"LASSO":0.437266008,"Linear Regression":0.4374946319,"Decision Tree Regression":0.3600861557,"Random Forest Regression":0.4791361011},"Explained Variance":{"Polynomial Regression":0.6596189537,"LASSO":0.6865574965,"Linear Regression":0.6861474727,"Decision Tree Regression":0.6107568291,"Random Forest Regression":0.7254609921}}